year,district,rainfall_mm,mean_temperature_c,humidity_pct,minimum_temperature_c,maximum_temperature_c,verification,source
2020,Biak Numfor,3038.76,28.19,79.96,26.49,29.72,VERIFIED_RESEARCH_EXTRACTION,"User-supplied MALARIASCOPE study extraction, October 2026; underlying source reports not independently audited"
2020,Jayapura,2273.23,25.16,87.62,20.78,31.49,VERIFIED_RESEARCH_EXTRACTION,"User-supplied MALARIASCOPE study extraction, October 2026; underlying source reports not independently audited"
2020,Keerom,2237.5,25.03,86.57,20.53,31.6,VERIFIED_RESEARCH_EXTRACTION,"User-supplied MALARIASCOPE study extraction, October 2026; underlying source reports not independently audited"
2020,Kepulauan Yapen,2956.22,27.55,80.97,25.75,29.54,VERIFIED_RESEARCH_EXTRACTION,"User-supplied MALARIASCOPE study extraction, October 2026; underlying source reports not independently audited"
2020,Kota Jayapura,2404.54,27.29,81.3,24.81,30.77,VERIFIED_RESEARCH_EXTRACTION,"User-supplied MALARIASCOPE study extraction, October 2026; underlying source reports not independently audited"
2020,Mamberamo Raya,2701.32,25.04,91.87,21.4,29.7,VERIFIED_RESEARCH_EXTRACTION,"User-supplied MALARIASCOPE study extraction, October 2026; underlying source reports not independently audited"
2020,Sarmi,2639.31,24.04,91.44,20.45,28.73,VERIFIED_RESEARCH_EXTRACTION,"User-supplied MALARIASCOPE study extraction, October 2026; underlying source reports not independently audited"
2020,Waropen,3010.24,24.76,91.93,21.5,29.12,VERIFIED_RESEARCH_EXTRACTION,"User-supplied MALARIASCOPE study extraction, October 2026; underlying source reports not independently audited"
2021,Biak Numfor,5777.78,28.1,79.98,26.52,29.67,VERIFIED_RESEARCH_EXTRACTION,"User-supplied MALARIASCOPE study extraction, October 2026; underlying source reports not independently audited"
2021,Jayapura,2478.4,24.82,89.35,20.91,30.4,VERIFIED_RESEARCH_EXTRACTION,"User-supplied MALARIASCOPE study extraction, October 2026; underlying source reports not independently audited"
2021,Keerom,2403.01,24.54,89.29,20.62,30.13,VERIFIED_RESEARCH_EXTRACTION,"User-supplied MALARIASCOPE study extraction, October 2026; underlying source reports not independently audited"
2021,Kepulauan Yapen,6108.62,27.44,81.21,25.82,29.35,VERIFIED_RESEARCH_EXTRACTION,"User-supplied MALARIASCOPE study extraction, October 2026; underlying source reports not independently audited"
2021,Kota Jayapura,2704.9,27.14,81.1,24.78,30.53,VERIFIED_RESEARCH_EXTRACTION,"User-supplied MALARIASCOPE study extraction, October 2026; underlying source reports not independently audited"
2021,Mamberamo Raya,2721.69,24.87,91.68,21.21,29.61,VERIFIED_RESEARCH_EXTRACTION,"User-supplied MALARIASCOPE study extraction, October 2026; underlying source reports not independently audited"
2021,Sarmi,2667.59,23.85,91.33,20.24,28.47,VERIFIED_RESEARCH_EXTRACTION,"User-supplied MALARIASCOPE study extraction, October 2026; underlying source reports not independently audited"
2021,Waropen,6265.19,24.6,92.06,21.15,29.01,VERIFIED_RESEARCH_EXTRACTION,"User-supplied MALARIASCOPE study extraction, October 2026; underlying source reports not independently audited"
2022,Biak Numfor,4958.77,28.15,79.96,26.76,29.61,VERIFIED_RESEARCH_EXTRACTION,"User-supplied MALARIASCOPE study extraction, October 2026; underlying source reports not independently audited"
2022,Jayapura,1872.94,25.31,85.1,20.5,31.92,VERIFIED_RESEARCH_EXTRACTION,"User-supplied MALARIASCOPE study extraction, October 2026; underlying source reports not independently audited"
2022,Keerom,1857.37,24.98,85.72,20.36,31.34,VERIFIED_RESEARCH_EXTRACTION,"User-supplied MALARIASCOPE study extraction, October 2026; underlying source reports not independently audited"
2022,Kepulauan Yapen,4852.69,27.48,81.17,25.95,29.38,VERIFIED_RESEARCH_EXTRACTION,"User-supplied MALARIASCOPE study extraction, October 2026; underlying source reports not independently audited"
2022,Kota Jayapura,2126.32,27.33,79.61,24.96,30.99,VERIFIED_RESEARCH_EXTRACTION,"User-supplied MALARIASCOPE study extraction, October 2026; underlying source reports not independently audited"
2022,Mamberamo Raya,2206.4,24.93,91.43,21.1,29.69,VERIFIED_RESEARCH_EXTRACTION,"User-supplied MALARIASCOPE study extraction, October 2026; underlying source reports not independently audited"
2022,Sarmi,2127.34,23.94,90.79,20.04,28.8,VERIFIED_RESEARCH_EXTRACTION,"User-supplied MALARIASCOPE study extraction, October 2026; underlying source reports not independently audited"
2022,Waropen,3767.93,24.66,91.84,20.76,29.13,VERIFIED_RESEARCH_EXTRACTION,"User-supplied MALARIASCOPE study extraction, October 2026; underlying source reports not independently audited"
2023,Biak Numfor,2402.4,28.26,80.25,26.77,29.63,VERIFIED_RESEARCH_EXTRACTION,"User-supplied MALARIASCOPE study extraction, October 2026; underlying source reports not independently audited"
2023,Jayapura,1885.23,25.11,88.81,21.04,31.02,VERIFIED_RESEARCH_EXTRACTION,"User-supplied MALARIASCOPE study extraction, October 2026; underlying source reports not independently audited"
2023,Keerom,1880.82,24.91,88.16,20.95,31.04,VERIFIED_RESEARCH_EXTRACTION,"User-supplied MALARIASCOPE study extraction, October 2026; underlying source reports not independently audited"
2023,Kepulauan Yapen,2457.86,27.62,81.39,25.94,29.48,VERIFIED_RESEARCH_EXTRACTION,"User-supplied MALARIASCOPE study extraction, October 2026; underlying source reports not independently audited"
2023,Kota Jayapura,2089.62,27.2,81.83,24.8,30.8,VERIFIED_RESEARCH_EXTRACTION,"User-supplied MALARIASCOPE study extraction, October 2026; underlying source reports not independently audited"
2023,Mamberamo Raya,2265.94,25.13,91.2,21.32,30.04,VERIFIED_RESEARCH_EXTRACTION,"User-supplied MALARIASCOPE study extraction, October 2026; underlying source reports not independently audited"
2023,Sarmi,2247.84,24.11,91.02,20.3,28.98,VERIFIED_RESEARCH_EXTRACTION,"User-supplied MALARIASCOPE study extraction, October 2026; underlying source reports not independently audited"
2023,Waropen,2304.95,24.8,91.81,21.06,29.27,VERIFIED_RESEARCH_EXTRACTION,"User-supplied MALARIASCOPE study extraction, October 2026; underlying source reports not independently audited"
2024,Biak Numfor,2661.01,28.51,80.76,26.99,30.2,VERIFIED_RESEARCH_EXTRACTION,"User-supplied MALARIASCOPE study extraction, October 2026; underlying source reports not independently audited"
2024,Jayapura,2033.49,25.63,87.31,21.19,32.19,VERIFIED_RESEARCH_EXTRACTION,"User-supplied MALARIASCOPE study extraction, October 2026; underlying source reports not independently audited"
2024,Keerom,2014.08,25.43,87.05,21.2,31.96,VERIFIED_RESEARCH_EXTRACTION,"User-supplied MALARIASCOPE study extraction, October 2026; underlying source reports not independently audited"
2024,Kepulauan Yapen,2621.69,27.88,81.61,26.22,30.09,VERIFIED_RESEARCH_EXTRACTION,"User-supplied MALARIASCOPE study extraction, October 2026; underlying source reports not independently audited"
2024,Kota Jayapura,2256.17,27.55,81.66,25.17,31.06,VERIFIED_RESEARCH_EXTRACTION,"User-supplied MALARIASCOPE study extraction, October 2026; underlying source reports not independently audited"
2024,Mamberamo Raya,2456.21,25.48,91.64,21.75,30.21,VERIFIED_RESEARCH_EXTRACTION,"User-supplied MALARIASCOPE study extraction, October 2026; underlying source reports not independently audited"
2024,Sarmi,2408.42,24.44,91.27,20.81,29.16,VERIFIED_RESEARCH_EXTRACTION,"User-supplied MALARIASCOPE study extraction, October 2026; underlying source reports not independently audited"
2024,Waropen,2448.18,25.2,91.96,21.8,29.57,VERIFIED_RESEARCH_EXTRACTION,"User-supplied MALARIASCOPE study extraction, October 2026; underlying source reports not independently audited"
2025,Biak Numfor,3591.44,28.21,79.86,26.51,29.78,VERIFIED_RESEARCH_EXTRACTION,"User-supplied MALARIASCOPE study extraction, October 2026; underlying source reports not independently audited"
2025,Jayapura,2302.56,24.94,90.29,21.07,29.94,VERIFIED_RESEARCH_EXTRACTION,"User-supplied MALARIASCOPE study extraction, October 2026; underlying source reports not independently audited"
2025,Keerom,2498.38,24.75,89.66,20.88,30.1,VERIFIED_RESEARCH_EXTRACTION,"User-supplied MALARIASCOPE study extraction, October 2026; underlying source reports not independently audited"
2025,Kepulauan Yapen,3915.75,27.57,80.79,25.86,29.59,VERIFIED_RESEARCH_EXTRACTION,"User-supplied MALARIASCOPE study extraction, October 2026; underlying source reports not independently audited"
2025,Kota Jayapura,2380.43,27.37,80.85,25.15,30.78,VERIFIED_RESEARCH_EXTRACTION,"User-supplied MALARIASCOPE study extraction, October 2026; underlying source reports not independently audited"
2025,Mamberamo Raya,2579.08,25.04,91.95,21.35,29.65,VERIFIED_RESEARCH_EXTRACTION,"User-supplied MALARIASCOPE study extraction, October 2026; underlying source reports not independently audited"
2025,Sarmi,2600.49,24.01,91.68,20.32,28.67,VERIFIED_RESEARCH_EXTRACTION,"User-supplied MALARIASCOPE study extraction, October 2026; underlying source reports not independently audited"
2025,Waropen,3893.5,24.72,92.11,21.17,29.12,VERIFIED_RESEARCH_EXTRACTION,"User-supplied MALARIASCOPE study extraction, October 2026; underlying source reports not independently audited"
