district,year,cases,at_risk_population,observed_api,panel,verification
Mamberamo Raya,2025,27482,40135,684.74,ALL_NINE_SPATIAL_2025,VERIFIED_RESEARCH_EXTRACTION
Keerom,2025,43096,64833,664.72,ALL_NINE_SPATIAL_2025,VERIFIED_RESEARCH_EXTRACTION
Sarmi,2025,21142,43475,486.3,ALL_NINE_SPATIAL_2025,VERIFIED_RESEARCH_EXTRACTION
Kepulauan Yapen,2025,47445,120122,394.97,ALL_NINE_SPATIAL_2025,VERIFIED_RESEARCH_EXTRACTION
Jayapura,2025,66025,174850,377.61,ALL_NINE_SPATIAL_2025,VERIFIED_RESEARCH_EXTRACTION
Waropen,2025,8691,36295,239.45,ALL_NINE_SPATIAL_2025,VERIFIED_RESEARCH_EXTRACTION
Kota Jayapura,2025,69944,426109,164.15,ALL_NINE_SPATIAL_2025,VERIFIED_RESEARCH_EXTRACTION
Biak Numfor,2025,4306,142790,30.16,ALL_NINE_SPATIAL_2025,VERIFIED_RESEARCH_EXTRACTION
Supiori,2025,748,25028,29.89,ALL_NINE_SPATIAL_2025,VERIFIED_RESEARCH_EXTRACTION
